{
  "urls": [
    "ch0.webm",
    "ch0.mp3",
    "ch0.ogg"
  ],
  "sprite": {
    "UI_Click_Open": [
      0,
      2195.056689342404
    ],
    "X_CarStop": [
      4000,
      2329.319727891157
    ]
  }
}