{
  "urls": [
    "ch2.webm",
    "ch2.mp3",
    "ch2.ogg"
  ],
  "sprite": {
    "BetDown": [
      0,
      1402.1541950113378
    ],
    "BetMax": [
      3000,
      2102.4489795918366
    ],
    "BetUp_0": [
      7000,
      2000
    ],
    "BetUp_1": [
      10000,
      1916.666666666666
    ],
    "BetUp_10": [
      13000,
      1392.4263038548759
    ],
    "BetUp_11": [
      16000,
      1400.6575963718824
    ],
    "BetUp_12": [
      19000,
      1396.4852607709765
    ],
    "BetUp_2": [
      22000,
      1937.5056689342393
    ],
    "BetUp_3": [
      25000,
      1937.5056689342393
    ],
    "BetUp_4": [
      28000,
      1937.5056689342393
    ],
    "BetUp_5": [
      31000,
      1979.1609977324285
    ],
    "BetUp_6": [
      34000,
      2000
    ],
    "BetUp_7": [
      37000,
      1398.3900226757341
    ],
    "BetUp_8": [
      40000,
      1400.3854875283466
    ],
    "BetUp_9": [
      43000,
      1401.564625850341
    ],
    "BonusTurnAdded": [
      46000,
      2499.7505668934255
    ],
    "BuyButton": [
      50000,
      1838.571428571427
    ],
    "DrinkSlurpBubbles": [
      53000,
      1048.5941043083926
    ],
    "SquareSelect": [
      56000,
      997.1655328798192
    ],
    "UI_Click_Close": [
      58000,
      1000.43083900227
    ]
  }
}