{
  "urls": [
    "ch3.webm",
    "ch3.mp3",
    "ch3.ogg"
  ],
  "sprite": {
    "Applause_Big": [
      0,
      6969.183673469388
    ],
    "Applause_Medium": [
      8000,
      5800.000000000001
    ],
    "Applause_Small": [
      15000,
      4458.321995464853
    ],
    "BaseTurnAdded_WinSFX": [
      21000,
      1990.4761904761906
    ],
    "ChuckleFruits": [
      24000,
      3399.9999999999986
    ],
    "Match3Win": [
      29000,
      2000
    ],
    "NoWinSigh": [
      32000,
      2366.1451247165533
    ],
    "StarsPopUp_1": [
      36000,
      2000
    ],
    "SymbolSwap": [
      39000,
      758.9115646258477
    ]
  }
}