{
  "urls": [
    "ch4.webm",
    "ch4.mp3",
    "ch4.ogg"
  ],
  "sprite": {
    "GameEndCongrats": [
      0,
      7461.156462585034
    ],
    "GameEndNoWin": [
      9000,
      5764.285714285715
    ],
    "GameEndWin": [
      16000,
      7876.507936507935
    ],
    "GlassFill": [
      25000,
      2021.678004535147
    ],
    "NearWin": [
      29000,
      1800.0000000000007
    ],
    "StarsPopUp_2": [
      32000,
      2000
    ],
    "SymbolMatch_1": [
      35000,
      2515.17006802721
    ]
  }
}