{
  "urls": [
    "ch5.webm",
    "ch5.mp3",
    "ch5.ogg"
  ],
  "sprite": {
    "InstantWin": [
      0,
      750
    ],
    "JugFill": [
      2000,
      2741.3151927437643
    ],
    "StarsPopUp_3": [
      6000,
      2000
    ],
    "SymbolMatch_2": [
      9000,
      2199.999999999999
    ]
  }
}